,,,,,,,,PX_BID,PX_ASK,,,,,,,,,,,,,,,,,,,,,,,,,,,,,,,,,c,c,c,,,,,,,,,,,,,,,,,,,,,,,,,,,
,,,,,,,,-0.35,FORMULA,,,,,,,,,,,,,,,CPN_TYP,,HYBRID_DEFERRED_PAYMENT,EXTENDIBLE,EXCHANGEABLE,,BAIL_IN_BOND_DESIGNATION,,,,,,,,FUNDAMENTALS_TICKER,,DUR_MID,,,,,,SECURITY_TYP,CALLED,AMT_OUTSTANDING,Crncy,IS_PERPETUAL,MATURITY,MTY_YEARS_TDY,MTG_WAL,DEFAULTED,ID_ISIN,IS_CD,PARENT_TICKER_EXCHANGE,RTG_SP,RTG_MOODY,,NON_VIABILITY_EVENT,CAPITAL_TRIGGER_TYPE,BASEL_III_DESIGNATION,BAIL_IN_BOND_DESIGNATION,CONVERTIBLE,,,"""&ROUND(BDP($B109&"" corp ISIN"",""DISC_LIBOR_ASK"",""PX_ASK=""&$J109),4)&"" bps""",#N/A Field Not Applicable,#N/A N/A,#N/A Field Not Applicable
,,,,,,,,,,,,,,,,,,,,,,,,ADDITIONAL INFO FOR PDD,,,,,,,,ADDITIONAL INFO FOR STARGATE,,,,,,,,,,,,,,ADDITIONAL INFO FOR CIP,,,,,,,,,,,,,,,,,,,,,,INFO FOR FRN,,,
,,,,,,,,,,,,,,,,,,,,,,,,,,,,CONVERTIBLE,,,,,,,,,,,,,,,,,,,,,,,,,,,,,,,,,,,,,,,,,,,
,,,,,,,,,,,,,,,,,,,,,,,,,,,,,,,,,,,,,,,,,,,,,,,,,,,,,,,,,,,,,,,,,,,,,,,
,,,,,,,,,,,,,,,,,,,,,,,,,,,,,,,,,,,,,,,,,,,,,,,,,,,,,,,,,,,,,,,,,,,,,,,
,,,,,,,,,,,,,,,,,,,,,,,,,,,,,,,,,,,,,,,,,,,,,,,,,,,,,,,,,,,,,,,,,,,,,,,
,,,,,,,,,,,,,,,,,,,,,,,,,,,,,,,,,,,,,,,,,,,,,,,,,,,,,,,,,,,,,,,,,,,,,,,
,Approved Bond Universe,,,,,,,,,,,,,,,,,,,,,,,,,,,,,,,,,,,,,,,,,,,,,,,,,,,,,,,,,,,,,,,,,,,,,,
,(FOR INTERNAL USE ONLY) This list is only intended for price indication only and shall not be treated as recommendation. This list cannot be used for client solitcitation. CIP and LTV in the table listed are subjected to change. ,,,,,,,,,,,,,,,,,,,,,,,,,,,,,,,,,,,,,,,,,,,,,,,,,,,,,,,,,,,,,,,,,,,,,,
,Please check with the Fixed Income Execution desk for firm pricing and inventory. See important disclaimer at the end of the document.,,,,,,,,,,,,,,,,,,,,,,,,,,,,,,,,,,,,,,,,,,,,,,,,,,,,,,,,,,,,,,,,,,,,,,
,,,,,,,,,,,,,,,,,,,,,,,,,,,,,,,,,,,,,,,,,,,,,,,,,,,,,,,,,,,,,,,,,,,,,,,
,,,,,,,,,,,,,,,,,,,,,,,,,,,,,,,,,,,,,,,,,,,,,,,,,,,,,,,,,,,,,,,,,,,,,,,
,28 Mar 2018,,,,,,,,,,,,,,,,,,,,,,,,,,,,,,,,,,,,,,,,,,,,,,,,,,,,,,,,,,,,,,,,,,,,,TODAY,2018/03/28
,,,,,,,,,,,,,,,,,,,,,,,,,,,,,,,,,,,,,,,,,,,,,,,,,,,,,,,,,,,,,,,,,,,,,,,SECURITY_PRICING_DATE
,ISIN / Cusip,OBLIGOR,CPN,MATURITY,CALLABLE,CALL PX,SECTOR,Bid,Ask,YTC,YTM,YTW,Mdy's,S&P,Fitch,RANK,CTRY,SIZE (MM),MIN (K),Ccy,Remarks,CIP,LTV,"Coupon
Type",Next    Coupon Reset,"Coupon
Defer",Extendable Mty,Exchangeable / Convertible,*CoCo,#TLAC,,Region,M#,S#,F#,Rating,EDD,Equity Ticker,Prospectus,Mod Duration,Rating Outlooks (M / S / F),"OVERRIDE
S&P
(Expected)","OVERRIDE
Moody's
(Expected)","OVERRIDE
Fitch
(Expected)",,SECURITY_TYP,CALLED,AMT_OUTSTANDING,Crncy,IS_PERPETUAL,MATURITY,MTY_YEARS_TDY,MTG_WAL,DEFAULTED,ID_ISIN,IS_CD,PARENT_TICKER_EXCHANGE,RTG_SP,RTG_MOODY,,CoCo Override,CAPITAL_TRIGGER_TYPE,BASEL_III_DESIGNATION,TLAC Override,CONVERTIBLE,CIP,,Float / Variable,,,IPO DAY #
,Global / Large Issuer,,,,,,,,,,,,,,,,,,,,,,,,,,,,,,,,,,,,,,,,,,,,,,,,,,,,,,,,,,,,,,,,,,,,,,
,US037833BD17,Apple Inc,2.000,2020/05/06,-,-,Computers,98.4,99.4,-,2.3,2.3,Aa1,AA+,-,Sr Uns,US,1250,2,USD,,1,85%,FIXED, - ,N,N,N / N,N,N,,N.AMERICAS,Investment Grade,Investment Grade,Unrated,IG,N,AAPL US,prospectus/offering documents and/or circulars are available upon request ,2.0,STABLE / STABLE / -,,,,,GLOBAL,N,1250000000,USD,N,2020/05/06,2.108145106,#N/A Field Not Applicable,N,US037833BD17,N,NA,AA+,Aa1,,N,#N/A Field Not Applicable,#N/A Field Not Applicable,N,N,1,,#VALUE!,,,1057
,US037833BF64,Apple Inc,2.700,2022/05/13,-,-,Computers,97.6,98.6,-,2.8,2.8,Aa1,AA+,-,Sr Uns,US,1250,2,USD,,1,80%,FIXED, - ,N,N,N / N,N,N,,N.AMERICAS,Investment Grade,Investment Grade,Unrated,IG,N,AAPL US,prospectus/offering documents and/or circulars are available upon request ,3.9,STABLE / STABLE / -,,,,,GLOBAL,N,1250000000,USD,N,2022/05/13,4.125941136,#N/A Field Not Applicable,N,US037833BF64,N,NA,AA+,Aa1,,N,#N/A Field Not Applicable,#N/A Field Not Applicable,N,N,1,,#VALUE!,,,1057
,US037833BG48,Apple Inc,3.200,2025/05/13,-,-,Computers,98.2,99.3,-,3.3,3.3,Aa1,AA+,-,Sr Uns,US,2000,2,USD,,1,80%,FIXED, - ,N,N,N / N,N,N,,N.AMERICAS,Investment Grade,Investment Grade,Unrated,IG,N,AAPL US,prospectus/offering documents and/or circulars are available upon request ,6.3,STABLE / STABLE / -,,,,,GLOBAL,N,2000000000,USD,N,2025/05/13,7.126625599,#N/A Field Not Applicable,N,US037833BG48,N,NA,AA+,Aa1,,N,#N/A Field Not Applicable,#N/A Field Not Applicable,N,N,1,,#VALUE!,,,1057
,US037833BH21,Apple Inc,4.375,2045/05/13,-,-,Computers,104.4,105.9,-,4.0,4.0,Aa1,AA+,-,Sr Uns,US,2000,2,USD,,2,80%,FIXED, - ,N,N,N / N,N,N,,N.AMERICAS,Investment Grade,Investment Grade,Unrated,IG,N,AAPL US,prospectus/offering documents and/or circulars are available upon request ,16.2,STABLE / STABLE / -,,,,,GLOBAL,N,2000000000,USD,N,2045/05/13,27.1266256,#N/A Field Not Applicable,N,US037833BH21,N,NA,AA+,Aa1,,N,#N/A Field Not Applicable,#N/A Field Not Applicable,N,N,2,,#VALUE!,,,1057
,US11271LAA08,Brookfield Asset Management ,4.250,2026/06/02,2026/03/02,100.000,Diversified ,99.6,101.1,4.1,4.1,4.1,Baa2,A-,-,Sr Uns,CA,500,2,USD,,2,75%,FIXED, - ,N,N,N / N,N,N,,N.AMERICAS,Investment Grade,Investment Grade,Unrated,IG,N,BAM/A CN,prospectus/offering documents and/or circulars are available upon request ,6.7,STABLE / - / -,,,,,US DOMESTIC,N,500000000,USD,N,2026/06/02,8.180698152,#N/A Field Not Applicable,N,US11271LAA08,N,NA,A-,Baa2,,N,#N/A Field Not Applicable,#N/A Field Not Applicable,N,N,2,,#VALUE!,,,672
,US11271LAC63,Brookfield Asset Management ,3.900,2028/01/25,2027/10/25,100.000,Diversified ,96.7,98.1,4.1,4.1,4.1,Baa2,A-,-,Sr Uns,CA,650,2,USD,,2,75%,FIXED, - ,N,N,N / N,N,N,,N.AMERICAS,Investment Grade,Investment Grade,Unrated,IG,N,BAM/A CN,prospectus/offering documents and/or circulars are available upon request ,8.2,STABLE / - / -,,,,,YANKEE,N,650000000,USD,N,2028/01/25,9.828884326,#N/A Field Not Applicable,N,US11271LAC63,N,NA,A-,Baa2,,N,#N/A Field Not Applicable,#N/A Field Not Applicable,N,N,2,,#VALUE!,,,76
,US36962GW752,General Electric Co,2.167,2026/05/05,-,-,Miscellaneou,95.0,95.9,-,3.2,FRN,A2,A,A+,Sr Uns,US,950,1,USD,,2,80%,FLOATING,US0003M+0.38%,N,N,N / N,N,N,,N.AMERICAS,Investment Grade,Investment Grade,Investment Grade,IG,N,GE US,prospectus/offering documents and/or circulars are available upon request ,0.1,STABLE / STABLE / NEG,,,,,DOMESTIC MTN,N,950000000,USD,N,2026/05/05,8.10403833,#N/A Field Not Applicable,N,US36962GW752,N,NA,A,A2,,N,#N/A Field Not Applicable,#N/A Field Not Applicable,N,N,2,,US0003M+0.38%,,,4348
,US37045XBG07,General Motors Financial Co ,5.250,2026/03/01,2025/12/01,100.000,Auto Manufac,105.1,106.2,4.3,4.3,4.3,Baa3,BBB,BBB,Sr Uns,US,1250,2,USD,,2,75%,FIXED, - ,N,N,N / N,N,N,,N.AMERICAS,Investment Grade,Investment Grade,Investment Grade,IG,N,ACF US,prospectus/offering documents and/or circulars are available upon request ,6.4,STABLE / STABLE / STABLE,,,,,GLOBAL,N,1250000000,USD,N,2026/03/01,7.926078029,#N/A Field Not Applicable,N,US37045XBG07,N,NA,BBB,Baa3,,N,#N/A Field Not Applicable,#N/A Field Not Applicable,N,N,2,,#VALUE!,,,762
,US37045XBQ88,General Motors Financial Co ,4.000,2026/10/06,2026/07/06,100.000,Auto Manufac,96.6,98.1,4.3,4.3,4.3,Baa3,BBB,BBB,Sr Uns,US,750,2,USD,,2,75%,FIXED, - ,N,N,N / N,N,N,,N.AMERICAS,Investment Grade,Investment Grade,Investment Grade,IG,N,ACF US,prospectus/offering documents and/or circulars are available upon request ,7.1,STABLE / STABLE / STABLE,,,,,GLOBAL,N,750000000,USD,N,2026/10/06,8.525667351,#N/A Field Not Applicable,N,US37045XBQ88,N,NA,BBB,Baa3,,N,#N/A Field Not Applicable,#N/A Field Not Applicable,N,N,2,,#VALUE!,,,541
,XS0859438045,Wing Tai Properties Ltd,4.250,2022/11/29,-,-,Real Estate,102.4,103.8,-,3.4,3.4,-,-,-,Sr Uns,HK,170,250,SGD,Â• Unrated bond.,4,0%,FIXED, - ,N,N,N / N,N,N,,ASIA EX JAP,Unrated,Unrated,Unrated,NR,Y,369 HK,,4.2,- / - / -,,,,,EURO MTN,N,170000000,SGD,N,2022/11/29,4.673511294,#N/A Field Not Applicable,N,XS0859438045,N,NA,-,-,,N,#N/A Field Not Applicable,#N/A Field Not Applicable,N,N,4,,#VALUE!,,,1952
,,,,,,,,,,,,,,,,,,,,,,,,,,,,,,,,,,,,,,,,,,,,,,,,,,,,,,,,,,,,,,,,,,,,,,,
,,,,,,,,,,,,,,,,,,,,,,,,,,,,,,,,,,,,,,,,,,,,,,,,,,,,,,,,,,,,,,,,,,,,,,,
